Name,Position,Team,Ppg,Ast,Trb,Stls,Blks
Shai Gilgeous-Alexander,PG,OKC,32.7,6.4,5.0,1.7,1.0
Giannis Antetokounmpo,PF,MIL,30.4,6.5,11.9,0.9,1.2
Nikola Jokić,C,DEN,29.6,10.2,12.7,1.8,0.6
Luka Dončić,PG,LAL,28.2,7.5,8.1,1.6,0.4
Anthony Edwards,SG,MIN,27.6,4.5,5.7,1.2,0.6
Jayson Tatum,PF,BOS,26.8,6.0,8.7,1.1,0.5
Kevin Durant,PF,PHO,26.6,4.2,6.0,0.8,1.2
Tyrese Maxey,PG,PHI,26.3,6.1,3.3,1.8,0.4
Cade Cunningham,PG,DET,26.1,9.1,6.1,1.0,0.8
Jalen Brunson,PG,NYK,26.0,7.3,2.9,0.9,0.1
Paolo Banchero,PF,ORL,25.9,4.8,7.5,0.8,0.6
Devin Booker,SG,PHO,25.6,7.1,4.1,0.9,0.2
LaMelo Ball,PG,CHO,25.2,7.4,4.9,1.1,0.3
Damian Lillard,PG,MIL,24.9,7.1,4.7,1.2,0.2
Anthony Davis,PF,DAL,20.0,4.4,10.1,0.6,2.2
Kyrie Irving,SG,DAL,24.7,4.6,4.8,1.3,0.5
Zion Williamson,PF,NOP,24.6,5.3,7.2,1.2,0.9
Stephen Curry,PG,GSW,24.5,6.0,4.4,1.1,0.4
LeBron James,SF,LAL,24.4,8.2,7.8,1.0,0.6
Karl-Anthony Towns,C,NYK,24.4,3.1,12.8,1.0,0.7
Victor Wembanyama,C,SAS,24.3,3.7,11.0,1.1,3.8
Franz Wagner,SF,ORL,24.2,4.7,5.7,1.3,0.4
Trae Young,PG,ATL,24.2,11.6,3.1,1.2,0.2
Donovan Mitchell,SG,CLE,24.0,5.0,4.5,1.3,0.2
Cam Thomas,SG,BRK,24.0,3.8,3.3,0.6,0.1
Tyler Herro,SG,MIA,23.9,5.5,5.2,0.9,0.2
Joel Embiid,C,PHI,23.8,4.5,8.2,0.7,0.9
De'Aaron Fox,PG,SAS,19.7,6.8,4.3,1.5,0.3
Zach LaVine,SG,SAC,22.4,3.8,3.5,0.6,0.1
Ja Morant,PG,MEM,23.2,7.3,4.1,1.2,0.2
James Harden,PG,LAC,22.8,8.7,5.8,1.5,0.7
Jaylen Brown,SF,BOS,22.2,4.5,5.8,1.2,0.3
DeMar DeRozan,SF,SAC,22.2,4.4,3.9,0.8,0.4
Brandon Ingram,SF,NOP,22.2,5.2,5.6,0.9,0.6
Jaren Jackson Jr.,C,MEM,22.2,2.0,5.6,1.2,1.5
Norman Powell,SG,LAC,21.8,2.1,3.2,1.2,0.2
Jalen Williams,SG,OKC,21.6,5.1,5.3,1.6,0.7
Kawhi Leonard,SF,LAC,21.5,3.1,5.9,1.6,0.5
Jamal Murray,PG,DEN,21.4,6.0,3.9,1.4,0.5
Trey Murphy III,SF,NOP,21.2,3.5,5.1,1.1,0.7
RJ Barrett,SF,TOR,21.1,5.4,6.3,0.8,0.3
CJ McCollum,PG,NOP,21.1,4.1,3.8,0.8,0.4
Jalen Green,SG,HOU,21.0,3.4,4.6,0.9,0.3
Brandon Miller,SF,CHO,21.0,3.6,4.9,1.1,0.7
Darius Garland,PG,CLE,20.6,6.7,2.9,1.2,0.1
Jordan Poole,SG,WAS,20.5,4.5,3.0,1.3,0.4
Coby White,SG,CHI,20.4,4.5,3.7,0.9,0.2
Miles Bridges,PF,CHO,20.3,3.9,7.5,0.7,0.7
Austin Reaves,SG,LAL,20.2,5.8,4.5,1.1,0.3
Pascal Siakam,PF,IND,20.2,3.4,6.9,0.9,0.5
Kristaps Porziņģis,C,BOS,19.5,2.1,6.8,0.7,1.5
Scottie Barnes,PF,TOR,19.3,5.8,7.7,1.4,1.0
Anfernee Simons,SG,POR,19.3,4.8,2.7,0.9,0.1
Desmond Bane,SG,MEM,19.2,5.3,6.1,1.2,0.4
Domantas Sabonis,C,SAC,19.1,6.0,13.9,0.7,0.4
Alperen Şengün,C,HOU,19.1,4.9,10.3,1.1,0.8
John Collins,PF,UTA,19.0,2.0,8.2,1.0,1.0
Lauri Markkanen,PF,UTA,19.0,1.5,5.9,0.7,0.4
Jalen Johnson,SF,ATL,18.9,5.0,10.0,1.6,1.0
Cameron Johnson,PF,BRK,18.8,3.4,4.3,0.9,0.4
Julius Randle,PF,MIN,18.7,4.7,7.1,0.7,0.2
Tyrese Haliburton,PG,IND,18.6,9.2,3.5,1.4,0.7
Evan Mobley,PF,CLE,18.5,3.2,9.3,0.9,1.6
Shaedon Sharpe,SG,POR,18.5,2.8,4.5,0.9,0.2
Nikola Vučević,C,CHI,18.5,3.5,10.1,0.8,0.7
Collin Sexton,SG,UTA,18.4,4.2,2.7,0.7,0.1
Michael Porter Jr.,SF,DEN,18.2,2.1,7.0,0.6,0.5
Bam Adebayo,C,MIA,18.1,4.3,9.6,1.3,0.7
Andrew Wiggins,SF,MIA,19.0,3.3,4.2,1.2,1.0
OG Anunoby,PF,NYK,18.0,2.2,4.8,1.5,0.9
Mikal Bridges,SF,NYK,17.6,3.7,3.2,0.9,0.5
Jaden Ivey,SG,DET,17.6,4.0,4.1,0.9,0.4
Jimmy Butler,SF,GSW,17.9,5.9,5.5,1.7,0.3
Dejounte Murray,PG,NOP,17.5,7.4,6.5,2.0,0.4
Malik Monk,SG,SAC,17.2,5.6,3.8,0.9,0.6
Immanuel Quickley,PG,TOR,17.1,5.8,3.5,0.7,0.1
De'Andre Hunter,SF,CLE,14.3,1.3,4.2,0.7,0.3
Bradley Beal,SG,PHO,17.0,3.7,3.3,1.1,0.5
Deni Avdija,SF,POR,16.9,3.9,7.3,1.0,0.5
Keyonte George,PG,UTA,16.8,5.6,3.8,0.7,0.1
Ivica Zubac,C,LAC,16.8,2.7,12.6,0.7,1.1
Derrick White,SG,BOS,16.4,4.8,4.5,0.9,1.1
Malik Beasley,SG,DET,16.3,1.7,2.6,0.9,0.1
Devin Vassell,SG,SAS,16.3,2.9,4.0,1.3,0.5
Jordan Clarkson,SG,UTA,16.2,3.7,3.2,0.8,0.2
Paul George,PF,PHI,16.2,4.3,5.3,1.8,0.5
Jalen Suggs,PG,ORL,16.2,3.7,4.0,1.5,0.9
Bennedict Mathurin,SF,IND,16.1,1.9,5.3,0.7,0.3
Myles Turner,C,IND,15.6,1.5,6.5,0.8,2.0
Christian Braun,SG,DEN,15.4,2.6,5.2,1.1,0.5
Jonathan Kuminga,PF,GSW,15.3,2.2,4.6,0.8,0.4
Jared McCain,SG,PHI,15.3,2.6,2.4,0.7,0.0
Mark Williams,C,CHO,15.3,2.5,10.2,0.7,1.2
Kelly Oubre Jr.,SF,PHI,15.1,1.8,6.1,1.5,0.5
Chet Holmgren,C,OKC,15.0,2.0,8.0,0.7,2.2
Kyle Kuzma,PF,MIL,14.5,2.2,5.6,0.5,0.4
Stephon Castle,PG,SAS,14.7,4.1,3.7,0.9,0.3
Aaron Gordon,PF,DEN,14.7,3.2,4.8,0.5,0.3
P.J. Washington,PF,DAL,14.7,2.3,7.8,1.1,1.1
Quentin Grimes,SG,PHI,21.9,4.5,5.2,1.5,0.4
Josh Giddey,PG,CHI,14.6,7.2,8.1,1.2,0.6
Jakob Poeltl,C,TOR,14.5,2.8,9.6,1.2,1.2
Deandre Ayton,C,POR,14.4,1.6,10.2,0.8,1.0
Gradey Dick,SG,TOR,14.4,1.8,3.6,0.9,0.2
Jerami Grant,PF,POR,14.4,2.1,3.5,0.9,1.0
Payton Pritchard,PG,BOS,14.3,3.5,3.8,0.9,0.2
Naz Reid,C,MIN,14.2,2.3,6.0,0.7,0.9
Dyson Daniels,SG,ATL,14.1,4.4,5.9,3.0,0.7
Tre Mann,PG,CHO,14.1,3.0,2.9,0.5,0.3
Amen Thompson,SF,HOU,14.1,3.8,8.2,1.4,1.3
Fred VanVleet,PG,HOU,14.1,5.6,3.7,1.6,0.4
Dillon Brooks,SF,HOU,14.0,1.7,3.7,0.8,0.2
Tolu Smith,PF,DET,14.0,0.0,8.0,0.0,0.0
Klay Thompson,SF,DAL,14.0,2.0,3.4,0.7,0.4
Bobby Portis,PF,MIL,13.9,2.1,8.4,0.7,0.5
Tobias Harris,PF,DET,13.7,2.2,5.9,1.0,0.8
Josh Hart,SG,NYK,13.6,5.9,9.6,1.5,0.4
Jarrett Allen,C,CLE,13.5,1.9,9.7,0.9,0.9
Onyeka Okongwu,C,ATL,13.4,2.3,8.9,0.9,0.9
Russell Westbrook,PG,DEN,13.3,6.1,4.9,1.4,0.5
Naji Marshall,SF,DAL,13.2,3.0,4.8,1.0,0.2
Dennis Schröder,PG,DET,10.8,5.3,2.6,0.5,0.2
Rui Hachimura,PF,LAL,13.1,1.4,5.0,0.8,0.4
Brook Lopez,C,MIL,13.0,1.8,5.0,0.6,1.9
Alex Sarr,C,WAS,13.0,2.4,6.5,0.7,1.5
Moritz Wagner,C,ORL,12.9,1.4,4.9,0.8,0.4
Malcolm Brogdon,PG,WAS,12.7,4.1,3.8,0.5,0.2
Scoot Henderson,PG,POR,12.7,5.1,3.0,1.0,0.2
Keldon Johnson,SF,SAS,12.7,1.6,4.8,0.6,0.3
D'Angelo Russell,PG,BRK,12.9,5.6,2.8,1.1,0.7
Zaccharie Risacher,SF,ATL,12.6,1.2,3.6,0.7,0.5
Santi Aldama,PF,MEM,12.5,2.9,6.4,0.8,0.4
Ty Jerome,SG,CLE,12.5,3.4,2.5,1.1,0.0
Keegan Murray,PF,SAC,12.4,1.4,6.7,0.8,0.9
Lonnie Walker IV,SG,PHI,12.4,2.5,3.2,0.5,0.3
Harrison Barnes,PF,SAS,12.3,1.7,3.8,0.5,0.2
Bilal Coulibaly,SF,WAS,12.3,3.4,5.0,1.3,0.7
Ayo Dosunmu,SG,CHI,12.3,4.5,3.5,0.9,0.4
Daniel Gafford,C,DAL,12.3,1.4,6.8,0.4,1.8
Jaden McDaniels,PF,MIN,12.2,2.0,5.7,1.3,0.9
Jabari Smith Jr.,PF,HOU,12.2,1.1,7.0,0.4,0.7
Caris LeVert,SG,ATL,14.9,2.9,3.7,0.9,0.5
Drew Timme,PF,BRK,12.1,2.2,7.2,0.4,0.1
Tari Eason,PF,HOU,12.0,1.5,6.4,1.7,0.9
Rudy Gobert,C,MIN,12.0,1.8,10.9,0.8,1.4
Aaron Nesmith,SF,IND,12.0,1.2,4.0,0.8,0.4
Aaron Wiggins,SG,OKC,12.0,1.8,3.9,0.8,0.2
Khris Middleton,SF,WAS,10.7,3.4,3.7,1.3,0.2
Jalen Duren,C,DET,11.8,2.7,10.3,0.7,1.1
Donte DiVincenzo,SG,MIN,11.7,3.6,3.7,1.2,0.3
Brandin Podziemski,SG,GSW,11.7,3.4,5.1,1.1,0.2
Corey Kispert,SF,WAS,11.6,1.7,3.0,0.4,0.2
Jeremy Sochan,PF,SAS,11.4,2.4,6.5,0.8,0.5
Toumani Camara,PF,POR,11.3,2.2,5.8,1.5,0.6
Isaiah Hartenstein,C,OKC,11.2,3.8,10.7,0.8,1.1
Buddy Hield,SG,GSW,11.1,1.6,3.2,0.8,0.3
Jrue Holiday,PG,BOS,11.1,3.9,4.3,1.1,0.4
Walker Kessler,C,UTA,11.1,1.7,12.2,0.6,2.4
Gary Trent Jr.,SG,MIL,11.1,1.2,2.3,1.0,0.1
Spencer Dinwiddie,PG,DAL,11.0,4.4,2.6,0.9,0.2
Tim Hardaway Jr.,SG,DET,11.0,1.6,2.4,0.5,0.1
Duncan Robinson,SF,MIA,11.0,2.4,2.3,0.5,0.1
Guerschon Yabusele,C,PHI,11.0,2.1,5.6,0.8,0.3
Brice Sensabaugh,SF,UTA,10.9,1.5,3.0,0.6,0.1
Bogdan Bogdanović,SG,LAC,11.4,3.2,3.1,0.7,0.2
Jordan Hawkins,SG,NOP,10.8,1.2,2.8,0.5,0.4
Brandon Boston Jr.,SG,NOP,10.7,2.2,3.2,1.3,0.2
Nikola Jović,PF,MIA,10.7,2.8,3.9,0.8,0.3
Grayson Allen,SG,PHO,10.6,2.1,3.0,0.8,0.3
Keon Johnson,SG,BRK,10.6,2.2,3.8,1.0,0.4
Terry Rozier,PG,MIA,10.6,2.6,3.7,0.6,0.2
Obi Toppin,PF,IND,10.5,1.6,4.0,0.6,0.4
Jonas Valančiūnas,C,SAC,8.7,1.8,7.0,0.5,0.6
Ochai Agbaji,SG,TOR,10.4,1.5,3.8,0.9,0.5
Jaylen Wells,SG,MEM,10.4,1.7,3.4,0.6,0.1
Grant Williams,PF,CHO,10.4,2.3,5.1,1.1,0.8
Kevin Porter Jr.,SG,MIL,11.7,3.7,3.9,1.3,0.1
Jose Alvarado,PG,NOP,10.3,4.6,2.4,1.3,0.3
Nic Claxton,C,BRK,10.3,2.2,7.4,0.9,1.4
Herbert Jones,SF,NOP,10.3,3.3,3.9,1.9,0.5
De'Anthony Melton,SG,GSW,10.3,2.8,3.3,1.2,0.3
Isaiah Joe,SG,OKC,10.2,1.6,2.6,0.6,0.1
Tyus Jones,PG,PHO,10.2,5.3,2.4,0.9,0.1
Trendon Watford,PF,BRK,10.2,2.6,3.6,0.6,0.3
Keion Brooks Jr.,SF,NOP,10.1,0.9,4.1,0.7,0.7
Luguentz Dort,SF,OKC,10.1,1.6,4.1,1.1,0.5
Justin Edwards,SF,PHI,10.1,1.6,3.4,1.0,0.4
Derrick Jones Jr.,SF,LAC,10.1,0.8,3.4,1.0,0.4
Ausar Thompson,SF,DET,10.1,2.3,5.1,1.7,0.7
Chris Boucher,PF,TOR,10.0,0.7,4.5,0.5,0.5
Andrew Nembhard,SG,IND,10.0,5.0,3.3,1.2,0.2
Ziaire Williams,SF,BRK,10.0,1.3,4.6,1.0,0.4
Kevin Huerter,SG,CHI,13.2,3.2,3.3,1.2,0.3
Georges Niang,PF,ATL,12.1,1.6,3.0,0.4,0.3
Julian Champagnie,SF,SAS,9.9,1.4,3.9,0.7,0.4
Scotty Pippen Jr.,PG,MEM,9.9,4.4,3.3,1.3,0.4
Nick Smith Jr.,SG,CHO,9.9,2.4,2.1,0.3,0.1
Bub Carrington,PG,WAS,9.8,4.4,4.2,0.7,0.3
Moses Moody,SG,GSW,9.8,1.3,2.6,0.8,0.4
Amir Coffey,SG,LAC,9.7,1.1,2.2,0.6,0.1
Max Christie,SG,DAL,11.2,2.5,4.2,0.9,0.3
Kyle Filipowski,C,UTA,9.6,1.9,6.1,0.7,0.3
Tosan Evbuomwan,SF,BRK,9.5,2.0,4.3,0.9,0.4
Miles McBride,PG,NYK,9.5,2.9,2.5,1.0,0.3
Jalen Wilson,PF,BRK,9.5,1.8,3.4,0.5,0.1
Nickeil Alexander-Walker,SG,MIN,9.4,2.7,3.2,0.6,0.4
Cole Anthony,PG,ORL,9.4,2.9,3.0,0.7,0.5
Anthony Black,PG,ORL,9.4,3.1,2.9,1.1,0.6
Max Strus,SF,CLE,9.4,3.2,4.3,0.5,0.2
Tristan Vukcevic,C,WAS,9.4,1.1,3.7,0.3,0.7
Cam Whitmore,SF,HOU,9.4,1.0,3.0,0.6,0.3
Nick Richards,C,PHO,9.5,0.6,8.6,0.2,0.8
Kel'el Ware,C,MIA,9.3,0.9,7.4,0.6,1.1
Zach Edey,C,MEM,9.2,1.0,8.3,0.5,1.3
Wendell Carter Jr.,C,ORL,9.1,2.0,7.2,0.8,0.6
Noah Clowney,PF,BRK,9.1,0.9,3.9,0.5,0.5
Dalton Knecht,SF,LAL,9.1,0.8,2.8,0.3,0.1
A.J. Lawson,SG,TOR,9.1,1.2,3.3,0.5,0.2
T.J. McConnell,PG,IND,9.1,4.4,2.4,1.1,0.3
Yves Missi,C,NOP,9.1,1.4,8.2,0.5,1.3
Royce O'Neale,SF,PHO,9.1,2.2,4.7,0.9,0.5
Jared Butler,SG,PHI,11.5,4.9,2.5,1.1,0.3
Marcus Smart,PG,WAS,9.3,2.5,1.9,1.1,0.2
Draymond Green,PF,GSW,9.0,5.6,6.1,1.5,1.0
Killian Hayes,PG,BRK,9.0,5.2,3.0,0.7,0.7
Al Horford,C,BOS,9.0,2.1,6.2,0.6,0.9
Julian Strawther,SG,DEN,9.0,1.3,2.2,0.6,0.2
Patrick Williams,PF,CHI,9.0,2.0,3.8,0.8,0.5
Jusuf Nurkić,C,CHO,9.2,2.6,6.5,0.7,0.7
Clint Capela,C,ATL,8.9,1.1,8.5,0.6,1.0
Johnny Juzang,SG,UTA,8.9,1.1,2.9,0.6,0.1
Luke Kennard,SG,MEM,8.9,3.3,2.8,0.8,0.1
Justin Champagnie,SF,WAS,8.8,1.0,5.7,1.0,0.6
Svi Mykhailiuk,SF,UTA,8.8,2.0,2.4,0.5,0.2
Chris Paul,PG,SAS,8.8,7.4,3.6,1.3,0.3
Kelly Olynyk,C,NOP,10.7,3.6,5.9,0.9,0.6
Dorian Finney-Smith,PF,LAL,7.9,1.4,3.6,0.9,0.3
Oshae Brissett,SF,PHI,8.7,0.7,3.7,0.7,0.5
Kentavious Caldwell-Pope,SG,ORL,8.7,1.8,2.2,1.3,0.4
Isaiah Collier,PG,UTA,8.7,6.3,3.3,0.9,0.2
Dante Exum,PG,DAL,8.7,2.8,1.7,0.6,0.2
Kyshawn George,SG,WAS,8.7,2.5,4.2,1.0,0.7
Jaden Hardy,SG,DAL,8.7,1.4,1.6,0.5,0.1
Dereck Lively II,C,DAL,8.7,2.4,7.5,0.6,1.6
Tyrese Martin,SG,BRK,8.7,2.0,3.7,0.6,0.2
Matas Buzelis,SF,CHI,8.6,1.0,3.5,0.4,0.9
Jaime Jaquez Jr.,SF,MIA,8.6,2.5,4.4,0.9,0.2
Ja'Kobe Walter,SG,TOR,8.6,1.6,3.1,0.8,0.2
Sam Hauser,PF,BOS,8.5,0.9,3.2,0.6,0.2
Larry Nance Jr.,PF,ATL,8.5,1.6,4.3,0.8,0.5
Jared Rhoden,SG,TOR,11.4,1.4,3.8,0.9,0.2
Jaylen Nowell,SG,NOP,8.4,2.3,2.5,0.1,0.5
Cason Wallace,SG,OKC,8.4,2.5,3.4,1.8,0.5
Bruce Brown,PG,NOP,8.2,2.4,4.2,0.7,0.3
Dalano Banton,PG,POR,8.3,2.4,2.0,0.6,0.5
Brandon Clarke,PF,MEM,8.3,1.0,5.1,0.8,0.6
Keon Ellis,SG,SAC,8.3,1.5,2.7,1.5,0.8
Brandon Williams,PG,DAL,8.3,2.3,1.8,0.7,0.2
Mike Conley,PG,MIN,8.2,4.5,2.6,1.1,0.2
Taurean Prince,SF,MIL,8.2,1.9,3.6,1.0,0.2
Jalen Smith,C,CHI,8.2,1.0,5.6,0.3,0.7
Quinten Post,PF,GSW,8.1,1.3,3.5,0.4,0.4
Peyton Watson,SF,DEN,8.1,1.4,3.4,0.7,1.4
Davion Mitchell,PG,MIA,10.3,5.3,2.7,1.4,0.3
Caleb Martin,SF,DAL,5.4,1.9,2.9,0.9,0.2
Tyson Etienne,PG,BRK,7.9,1.7,1.3,0.4,0.1
Day'Ron Sharpe,C,BRK,7.9,1.8,6.6,0.8,0.8
KJ Simpson,PG,CHO,7.8,3.1,3.0,0.9,0.2
Terance Mann,SG,ATL,9.8,2.1,3.1,0.6,0.1
Karlo Matković,PF,NOP,7.7,1.1,5.0,0.5,1.0
AJ Johnson,SG,WAS,9.1,3.1,2.4,0.5,0.1
Lonzo Ball,PG,CHI,7.6,3.3,3.4,1.3,0.5
Oscar Tshiebwe,C,UTA,7.6,0.6,8.7,0.9,0.1
Garrison Mathews,SG,ATL,7.5,1.3,1.9,0.6,0.3
Matisse Thybulle,SG,POR,7.5,1.9,3.5,2.2,0.6
A.J. Green,SG,MIL,7.4,1.5,2.4,0.5,0.1
Josh Green,SG,CHO,7.4,1.6,2.5,1.1,0.2
Richaun Holmes,PF,WAS,7.4,1.4,5.7,0.3,0.7
Damion Baugh,SG,CHO,7.3,3.7,3.3,1.0,0.1
Alec Burks,SG,MIA,7.3,1.1,2.5,0.6,0.1
Ricky Council IV,SF,PHI,7.3,1.3,2.9,0.4,0.2
Andre Drummond,C,PHI,7.3,0.9,7.8,1.0,0.5
Tre Jones,PG,CHI,11.5,4.9,3.2,1.1,0.3
Goga Bitadze,C,ORL,7.2,2.0,6.6,0.7,1.4
Tristan Da Silva,SF,ORL,7.2,1.5,3.3,0.4,0.2
GG Jackson II,PF,MEM,7.2,1.0,3.2,0.4,0.2
Vit Krejci,PG,ATL,7.2,2.6,2.7,0.6,0.5
Sam Merrill,SG,CLE,7.2,1.5,2.2,0.7,0.2
Daeqwon Plowden,SG,ATL,7.2,0.3,1.8,0.0,0.0
Nae'Qwan Tomlin,PF,CLE,7.2,0.4,4.2,0.0,0.2
Josh Okogie,SG,CHO,8.9,1.3,2.7,1.8,0.5
Jalen Hood-Schifino,SG,PHI,7.8,2.8,2.0,0.4,0.5
Jamison Battle,SF,TOR,7.1,0.9,2.7,0.3,0.2
Alex Caruso,SG,OKC,7.1,2.5,2.9,1.6,0.6
Jamal Shead,PG,TOR,7.1,4.2,1.5,0.8,0.1
Jeff Dowtin Jr.,PG,PHI,7.0,1.9,1.5,0.6,0.3
Marcus Garrett,SG,CHO,7.0,3.3,1.5,0.8,0.5
Isaiah Jackson,C,IND,7.0,1.0,5.6,0.6,1.6
Jaylen Sims,SG,CHO,7.0,2.0,1.0,0.5,0.2
Orlando Robinson,C,TOR,8.1,1.9,5.9,0.4,0.4
Jake LaRavia,PF,SAC,6.1,1.3,2.8,0.9,0.2
Ryan Dunn,SF,PHO,6.9,0.8,3.6,0.6,0.5
Jay Huff,C,MEM,6.9,0.6,2.0,0.3,0.9
Cameron Payne,PG,NYK,6.9,2.8,1.4,0.5,0.2
Antonio Reeves,SG,NOP,6.9,0.9,1.4,0.5,0.1
Cody Martin,SF,PHO,3.7,1.1,3.4,0.9,0.4
Bol Bol,PF,PHO,6.8,0.6,2.9,0.3,0.7
Eric Gordon,SG,PHI,6.8,1.7,1.2,0.7,0.3
Jaxson Hayes,C,LAL,6.8,1.0,4.8,0.6,0.9
Marcus Bagley,SF,PHI,6.7,1.0,7.0,0.9,1.2
DaQuan Jeffries,SG,CHO,6.7,1.1,2.9,0.6,0.5
Lester Quiñones,SG,NOP,8.6,2.6,1.7,0.3,0.2
Vasilije Micić,PG,PHO,0.0,0.2,0.4,0.0,0.0
Precious Achiuwa,C,NYK,6.6,1.0,5.6,0.8,0.7
Trayce Jackson-Davis,C,GSW,6.6,1.7,5.0,0.4,0.6
Marcus Sasser,PG,DET,6.6,2.3,1.2,0.6,0.1
Vince Williams Jr.,SG,MEM,6.6,2.0,3.6,0.4,0.3
Thomas Bryant,C,IND,6.9,0.9,3.9,0.5,0.6
Donovan Clingan,C,POR,6.5,1.1,7.9,0.5,1.6
Seth Curry,SG,CHO,6.5,0.9,1.7,0.4,0.1
Haywood Highsmith,SF,MIA,6.5,1.5,3.4,0.9,0.5
Talen Horton-Tucker,SG,CHI,6.5,1.4,1.7,0.4,0.2
Trey Lyles,PF,SAC,6.5,1.2,4.6,0.6,0.3
Ajay Mitchell,SG,OKC,6.5,1.8,1.9,0.7,0.1
Gary Payton II,SG,GSW,6.5,1.3,3.0,0.8,0.3
Zach Collins,PF,CHI,8.6,2.1,6.7,0.5,0.5
Kris Dunn,PG,LAC,6.4,2.8,3.4,1.7,0.4
Ron Holland,SF,DET,6.4,1.0,2.7,0.6,0.2
KJ Martin,SF,UTA,6.3,1.5,2.8,0.3,0.3
Gabe Vincent,PG,LAL,6.4,1.4,1.3,0.7,0.2
Sandro Mamukelashvili,PF,SAS,6.3,0.8,3.1,0.4,0.3
Jeremiah Robinson-Earl,PF,NOP,6.3,1.3,4.8,0.6,0.1
Kenrich Williams,PF,OKC,6.3,1.4,3.5,0.6,0.1
Bones Hyland,PG,MIN,1.3,1.0,0.3,0.0,0.0
Jonathan Mogbo,PF,TOR,6.2,2.3,4.9,0.9,0.5
Ryan Rollins,PG,MIL,6.2,1.9,1.9,0.8,0.3
Dru Smith,SG,MIA,6.2,1.6,2.6,1.5,0.4
Isaac Okoro,SG,CLE,6.1,1.2,2.4,0.6,0.3
Jarace Walker,PF,IND,6.1,1.5,3.1,0.7,0.3
N'Faly Dante,C,HOU,6.0,0.5,5.3,0.3,1.3
Mouhamed Gueye,PF,ATL,6.0,0.8,4.2,0.8,1.0
Luke Kornet,C,BOS,6.0,1.6,5.3,0.5,1.0
Isaiah Mobley,PF,PHI,6.0,5.0,4.0,1.0,1.0
Isaiah Stewart,C,DET,6.0,1.7,5.5,0.4,1.4
James Wiseman,C,IND,6.0,0.0,1.0,0.0,0.0
Isaiah Wong,SG,CHO,6.0,1.4,1.6,0.6,0.0
Cole Swider,SF,TOR,7.4,0.3,3.1,0.5,0.3
Chuma Okeke,PF,CLE,2.5,1.0,2.0,0.0,0.5
Kyle Anderson,SF,MIA,6.7,2.6,3.8,0.6,0.5
Simone Fontecchio,SF,DET,5.9,0.9,2.9,0.4,0.2
Collin Gillespie,PG,PHO,5.9,2.4,2.4,0.6,0.2
Tidjane Salaün,PF,CHO,5.9,1.2,4.7,0.5,0.2
Jaylin Williams,PF,OKC,5.9,2.6,5.6,0.5,0.6
Moses Brown,C,DAL,11.8,0.5,7.8,1.0,0.8
Adem Bona,C,PHI,5.8,0.5,4.2,0.4,1.2
Quenton Jackson,PG,IND,5.8,1.9,1.6,0.8,0.2
Robert Williams,C,POR,5.8,1.1,5.9,0.7,1.7
Moussa Diabaté,C,CHO,5.7,0.8,6.2,0.6,0.6
Dariq Whitehead,SF,BRK,5.7,0.6,1.5,0.3,0.1
Landry Shamet,SG,NYK,5.7,0.5,1.2,0.5,0.0
Jordan Goodwin,PG,LAL,5.6,1.4,3.9,1.0,0.4
Shake Milton,SG,LAL,3.9,1.3,1.8,0.3,0.1
Aaron Holiday,PG,HOU,5.5,1.3,1.3,0.3,0.2
Jeff Green,PF,HOU,5.4,0.6,1.8,0.2,0.1
Jonathan Isaac,PF,ORL,5.4,0.6,4.4,0.9,1.1
Dean Wade,PF,CLE,5.4,1.3,4.2,0.7,0.3
Keaton Wallace,PG,ATL,5.4,2.6,1.6,0.9,0.3
Kobe Bufkin,SG,ATL,5.3,1.7,2.1,0.3,0.2
Jamal Cain,SF,NOP,5.3,0.6,2.3,0.6,0.2
Pat Connaughton,SG,MIL,5.3,1.7,2.7,0.2,0.3
Kevin Love,PF,MIA,5.3,1.0,4.1,0.7,0.2
Ben Sheppard,SG,IND,5.3,1.3,2.8,0.6,0.2
Monte Morris,PG,PHO,5.2,1.6,1.5,0.4,0.1
Jabari Walker,SF,POR,5.2,0.6,3.5,0.6,0.1
Javonte Green,SG,CLE,3.3,0.6,2.2,0.6,0.1
Alex Reese,PF,PHI,5.3,0.3,3.3,0.7,0.7
Bismack Biyombo,C,SAS,5.1,1.1,5.6,0.6,0.8
Mitchell Robinson,C,NYK,5.1,0.8,5.9,0.9,1.1
Kai Jones,C,DAL,11.4,1.3,6.6,0.8,0.8
Ben Simmons,PG,LAC,2.9,3.1,3.8,0.7,0.4
Malaki Branham,SG,SAS,5.0,0.8,1.1,0.2,0.0
Neemias Queta,C,BOS,5.0,0.7,3.8,0.3,0.7
Alondes Williams,SG,DET,5.0,1.0,0.0,0.0,0.0
Jaylen Martin,SF,WAS,5.8,1.3,3.4,0.7,0.0
Lindy Waters III,SG,DET,3.4,0.7,1.0,0.4,0.1
Trevelin Queen,SG,ORL,4.9,1.2,1.7,1.0,0.3
Jock Landale,C,HOU,4.8,0.9,3.3,0.3,0.2
Colin Castleton,C,PHI,6.0,2.0,7.4,0.2,0.2
Taylor Hendricks,PF,UTA,4.7,0.7,5.0,1.7,1.3
David Roddy,PF,HOU,4.3,0.7,1.7,0.0,0.3
Drew Eubanks,C,LAC,2.7,0.4,2.4,0.1,0.3
Pelle Larsson,SG,MIA,4.6,1.2,1.7,0.6,0.1
Julian Phillips,SF,CHI,4.6,0.5,2.1,0.5,0.3
Cody Williams,SG,UTA,4.6,1.2,2.3,0.5,0.3
Rob Dillingham,PG,MIN,4.5,2.0,1.0,0.4,0.0
Jett Howard,SF,ORL,4.5,0.7,1.2,0.2,0.2
Kevon Looney,C,GSW,4.5,1.6,6.1,0.6,0.5
Mason Plumlee,C,PHO,4.5,1.8,6.1,0.4,0.6
Dalen Terry,SG,CHI,4.5,1.3,1.7,0.6,0.2
Marvin Bagley III,PF,MEM,3.6,0.3,2.3,0.2,0.3
Charles Bassey,C,SAS,4.4,0.5,4.2,0.4,0.8
Tony Bradley,C,IND,4.4,0.4,3.0,0.1,0.6
Reggie Jackson,PG,PHI,4.4,1.5,1.4,0.5,0.1
Reed Sheppard,PG,HOU,4.4,1.4,1.5,0.7,0.3
Lamar Stevens,PF,MEM,4.4,0.5,2.2,0.3,0.2
Mo Bamba,C,NOP,2.5,0.5,6.3,0.0,0.8
Jevon Carter,PG,CHI,4.3,1.1,1.1,0.4,0.1
Micah Potter,C,UTA,4.3,0.8,4.3,0.4,0.4
Terrence Shannon Jr. ,SG,MIN,4.3,1.0,1.5,0.2,0.2
Daniel Theis,C,NOP,4.3,1.6,4.3,0.5,0.5
Torrey Craig,SF,BOS,2.7,0.7,2.8,0.4,0.6
Wendell Moore Jr.,SG,CHO,5.4,1.2,3.2,0.6,0.1
Dominick Barlow,SF,ATL,4.2,0.5,2.4,0.3,0.5
Kessler Edwards,SF,DAL,4.2,1.1,2.9,0.5,0.5
Oso Ighodaro,PF,PHO,4.2,1.2,3.6,0.5,0.5
Kris Murray,SF,POR,4.2,1.0,2.6,0.5,0.2
Duop Reath,C,POR,4.2,0.6,2.0,0.3,0.3
Cam Spencer,SG,MEM,4.2,1.4,1.2,0.4,0.0
Maxwell Lewis,SF,BRK,5.3,0.8,2.5,0.4,0.3
Jaylen Clark,SG,MIN,4.1,0.7,1.3,0.9,0.1
Caleb Houstan,SF,ORL,4.1,0.6,1.3,0.4,0.1
Jordan Miller,SF,LAC,4.1,0.9,1.6,0.5,0.1
Jalen Pickett,SG,DEN,4.1,2.2,1.4,0.4,0.1
Paul Reed,C,DET,4.1,1.0,2.7,0.9,0.6
Gui Santos,PF,GSW,4.1,1.4,3.1,0.4,0.2
Jarred Vanderbilt,PF,LAL,4.1,1.1,5.1,1.0,0.3
Colby Jones,SG,WAS,8.7,2.5,4.3,1.3,0.4
Nicolas Batum,PF,LAC,4.0,1.1,2.8,0.7,0.5
Malachi Flynn,PG,CHO,4.0,1.8,1.8,0.8,0.0
Ron Harper Jr.,SF,DET,4.0,2.0,7.0,0.0,0.0
Josh Richardson,SG,MIA,4.0,1.5,1.5,1.0,0.1
Steven Adams,C,HOU,3.9,1.1,5.6,0.4,0.5
Kyle Lowry,PG,PHI,3.9,2.7,1.9,0.9,0.3
Olivier-Maxence Prosper,PF,DAL,3.9,0.8,2.4,0.5,0.1
Patty Mills,PG,LAC,3.1,0.4,0.1,0.1,0.0
Branden Carlson,C,OKC,3.8,0.4,1.7,0.2,0.7
Devin Carter,PG,SAC,3.8,1.1,2.1,0.6,0.1
Ousmane Dieng,C,OKC,3.8,0.8,2.2,0.5,0.2
Markieff Morris,PF,LAL,5.5,2.1,1.9,0.1,0.3
Emoni Bates,SF,CLE,3.7,0.8,0.7,0.1,0.1
DeAndre Jordan,C,DEN,3.7,0.9,5.1,0.3,0.5
Craig Porter Jr.,PG,CLE,3.7,1.4,1.3,0.3,0.3
Jackson Rowe,PF,GSW,3.7,0.7,1.8,0.7,0.0
Blake Wesley,SG,SAS,3.7,2.0,1.1,0.6,0.1
JT Thor,PF,WAS,3.9,0.5,3.8,0.5,0.5
Baylor Scheierman,SG,BOS,3.6,1.1,2.1,0.5,0.1
Jae'Sean Tate,SF,HOU,3.6,0.9,2.3,0.5,0.1
Jaylon Tyson,SG,CLE,3.6,0.9,2.0,0.3,0.1
Elfrid Payton,PG,CHO,1.0,3.3,2.2,1.0,0.5
Luka Garza,C,MIN,3.5,0.3,1.4,0.2,0.1
Cory Joseph,PG,ORL,3.5,1.4,1.5,0.5,0.1
Doug McDermott,SF,SAC,3.5,0.2,0.5,0.1,0.0
Dario Šarić,C,DEN,3.5,1.4,3.1,0.4,0.1
Jamaree Bouyea,PG,MIL,3.4,2.0,1.0,0.8,0.4
Bruno Fernando,C,TOR,3.4,1.1,3.0,0.2,0.5
Andre Jackson Jr.,SG,MIL,3.4,1.2,2.7,0.5,0.2
Isaac Jones,PF,SAC,3.4,0.3,1.4,0.1,0.3
Kevin Knox,SF,GSW,3.3,0.4,1.2,0.1,0.3
Damion Lee,SG,PHO,3.3,0.4,0.8,0.2,0.0
Jeenathan Williams,SG,HOU,3.3,0.5,0.7,0.4,0.2
Elijah Harkless,SG,UTA,3.2,0.8,2.1,1.0,0.1
Zeke Nnaji,PF,DEN,3.2,0.4,1.6,0.4,0.7
Cam Reddish,SF,LAL,3.2,0.7,2.0,1.0,0.3
Delon Wright,PG,NYK,4.3,2.1,1.4,0.9,0.2
Kylor Kelley,C,NOP,3.3,1.0,6.0,0.3,0.3
Gary Harris,SG,ORL,3.0,0.6,1.3,0.5,0.3
Maxi Kleber,PF,DAL,3.0,1.3,2.8,0.3,0.5
Taze Moore,SG,POR,3.0,0.5,4.0,1.0,0.0
Rayan Rupert,SG,POR,3.0,0.5,1.3,0.3,0.1
P.J. Tucker,SF,NYK,3.0,0.0,2.7,0.3,0.3
Pete Nance,PF,MIL,3.8,1.2,1.8,0.2,0.3
Markelle Fultz,PG,SAC,2.9,1.3,1.0,0.5,0.1
Taj Gibson,C,CHO,2.9,0.6,3.2,0.2,0.5
Tyler Smith,PF,MIL,2.9,0.2,1.1,0.1,0.2
RayJ Dennis,PG,IND,2.7,1.3,1.1,0.6,0.2
David Duke Jr.,SG,SAS,2.7,0.7,0.8,0.2,0.0
Keshad Johnson,SF,MIA,2.7,0.3,1.8,0.3,0.3
Reece Beekman,PG,BRK,2.7,1.8,1.1,0.9,0.1
Jae Crowder,PF,SAC,2.6,0.7,2.2,0.3,0.0
Josh Minott,SF,MIN,2.6,0.4,1.0,0.3,0.3
Hunter Tyson,PF,DEN,2.6,0.4,1.5,0.2,0.1
Jaden Springer,PG,UTA,3.8,1.4,2.0,0.7,0.2
Trey Jemison,C,LAL,2.6,0.3,2.8,0.1,0.4
Anthony Gill,PF,WAS,2.5,0.3,1.3,0.2,0.0
Dillon Jones,SF,OKC,2.5,1.1,2.2,0.3,0.1
Pat Spencer,PG,GSW,2.5,1.2,1.2,0.4,0.1
Johnny Davis,SG,WAS,2.4,0.3,1.1,0.4,0.2
Christian Koloko,C,LAL,2.4,0.4,2.5,0.2,0.4
John Konchar,SG,MEM,2.4,0.9,3.3,0.7,0.3
MarJon Beauchamp,SF,NYK,2.5,0.2,1.5,0.2,0.0
Bronny James,SG,LAL,2.3,0.8,0.7,0.3,0.1
Mason Jones,SG,SAC,2.3,1.1,0.9,0.0,0.1
Miles Norris,PF,BOS,2.3,0.0,3.0,0.7,0.3
Patrick Baldwin Jr.,SF,LAC,3.0,0.5,1.5,0.0,0.0
Drew Peterson,PF,BOS,2.2,0.5,1.6,0.2,0.1
TyTy Washington Jr.,PG,PHO,2.2,1.0,0.8,0.2,0.0
Jordan McLaughlin,PG,SAS,2.5,1.5,0.5,0.3,0.1
JD Davison,PG,BOS,2.1,0.8,0.8,0.3,0.1
Chris Duarte,SG,CHI,2.1,0.5,1.2,0.0,0.0
Enrique Freeman,PF,IND,2.1,0.4,1.4,0.1,0.1
Johnny Furphy,SG,IND,2.1,0.4,1.4,0.4,0.2
Dwight Powell,C,DAL,2.1,1.0,2.1,0.3,0.4
Josh Christopher,SG,MIA,2.0,0.6,0.6,0.4,0.2
Tyler Kolek,PG,NYK,2.0,1.7,0.7,0.3,0.1
Adama Sanogo,C,CHI,2.0,0.3,1.5,0.0,0.0
Kobe Brown,PF,LAC,1.9,0.6,1.6,0.2,0.1
Ariel Hukporti,C,NYK,1.9,0.4,2.0,0.0,0.6
Bobi Klintman,SF,DET,1.9,0.9,0.9,0.3,0.1
Garrett Temple,SG,TOR,1.9,1.1,1.0,0.6,0.1
Jericho Sims,C,MIL,2.4,0.8,4.9,0.1,0.6
Vlatko Čančar,PF,DEN,1.8,0.7,2.5,0.2,0.2
Adam Flagler,SG,OKC,1.8,0.3,0.7,0.2,0.1
Trentyn Flowers,SF,LAC,1.8,0.0,0.7,0.0,0.0
E.J. Liddell,PF,CHI,1.8,0.3,0.8,0.1,0.1
Jahmir Young,PG,CHI,1.8,1.0,0.5,0.0,0.0
Pacome Dadiet,SG,NYK,1.7,0.3,1.0,0.2,0.1
Alex Ducas,SG,OKC,1.7,0.2,1.2,0.2,0.0
PJ Hall,C,DEN,1.7,0.2,1.2,0.0,0.2
Emanuel Miller,PF,CHI,1.7,0.3,1.3,0.2,0.0
Tristan Thompson,C,CLE,1.7,0.6,3.4,0.1,0.3
Alex Len,C,LAL,2.2,0.8,3.1,0.1,0.3
Yuki Kawamura,PG,MEM,1.6,0.9,0.5,0.1,0.0
Jack McVeigh,PF,HOU,1.6,0.1,0.6,0.0,0.2
Armel Traoré,SF,LAL,1.6,0.1,1.7,0.4,0.2
Jordan Walsh,PF,BOS,1.6,0.4,1.3,0.2,0.2
Phillip Wheeler,PF,PHI,1.6,0.4,1.6,0.2,0.4
Sidy Cissoko,SF,POR,2.0,1.8,2.2,0.2,0.2
Jazian Gortman,PG,DAL,1.5,0.4,0.3,0.1,0.1
Kevin McCullar Jr.,SF,NYK,1.5,0.5,2.0,0.3,0.3
Leonard Miller,SF,MIN,1.5,0.0,0.8,0.2,0.1
Quincy Olivari,PG,LAL,1.5,0.5,0.0,0.0,0.0
Matt Ryan,SF,NYK,1.5,0.2,0.4,0.1,0.0
Jacob Toppin,SF,ATL,17.0,2.0,4.0,0.0,0.0
Cam Christie,SG,LAC,1.4,0.5,0.9,0.4,0.1
Chris Livingston,SF,MIL,1.4,0.2,1.7,0.2,0.0
Trey Alexander,SG,DEN,1.3,0.5,0.5,0.1,0.0
Spencer Jones,SF,DEN,1.3,0.3,0.9,0.3,0.3
Skal Labissière,PF,SAC,1.3,0.3,0.8,0.0,0.0
Jalen Bridges,SF,PHO,1.1,0.0,0.5,0.0,0.0
Yuri Collins,PG,GSW,1.0,2.0,1.5,1.0,0.0
Daniss Jenkins,PG,DET,1.0,0.4,0.3,0.0,0.0
Braxton Key,SF,GSW,1.0,0.0,0.7,0.7,0.0
Bryce McGowens,SG,POR,1.0,0.2,0.2,0.1,0.0
Xavier Tillman Sr.,C,BOS,1.0,0.2,1.3,0.3,0.2
Luke Travers,SG,CLE,1.0,0.7,1.7,0.1,0.1
Isaiah Crawford,SF,SAC,0.9,0.1,0.5,0.1,0.1
Justin Minaya,SF,POR,0.9,0.4,0.5,0.3,0.1
Anton Watson,SF,NYK,0.9,0.2,0.3,0.1,0.0
D.J. Carton,SG,TOR,0.8,0.8,1.0,0.5,0.0
PJ Dozier,SG,MIN,0.8,0.6,0.6,0.1,0.0
Joe Ingles,SF,MIN,0.8,1.2,0.6,0.1,0.0
Harrison Ingram,SF,SAS,0.8,0.6,1.8,0.6,0.0
Ulrich Chomche,PF,TOR,0.7,0.3,1.1,0.0,0.1
James Johnson,PF,IND,0.7,0.3,0.5,0.0,0.2
Liam Robbins,C,MIL,0.7,0.2,0.9,0.2,0.2
Stanley Umude,SG,MIL,0.7,0.2,0.8,0.1,0.3
Cui Yongxi,SG,BRK,0.6,0.0,0.4,0.0,0.0
Tristen Newton,SG,MIN,0.0,0.3,1.3,0.3,0.0
Malevy Leons,SF,OKC,0.3,0.2,0.5,0.0,0.0
Daishen Nix,PG,MIN,0.3,1.0,1.3,0.0,0.0
Terence Davis,SG,SAC,0.0,1.0,1.0,0.0,0.0
Jesse Edwards,C,MIN,0.0,0.5,0.0,0.0,0.0
Mac McClung,SG,ORL,0.0,1.5,0.5,0.0,0.0
Jalen McDaniels,SF,WAS,0.0,0.3,0.0,0.3,0.0
Riley Minix,SF,SAS,0.0,0.0,2.0,0.0,0.0
Jahlil Okafor,C,IND,0.0,1.0,1.0,0.0,0.0
Zyon Pullin,SG,MEM,0.0,0.0,0.0,0.0,0.0
Isaiah Stevens,PG,MIA,0.0,0.0,0.7,0.3,0.0
Terry Taylor,PF,SAC,0.0,0.7,0.3,0.0,0.0
League Average,,,,,,,
